Workbook

Sheet Dashboard
A1: WEAVING DEPARTMENT | INVENTORY MANAGEMENT DASHBOARD
A2: Corporate reporting pack • Source data + Pivot Analysis + Pivot Charts • Filter controls
A4: Opening Kg | D4: Receipts Kg | G4: Issues Kg | J4: Stock Value PKR
A5: =SUM('Inventory Data'!G5:G24) | D5: =SUM('Inventory Data'!H5:H24) | G5: =SUM('Inventory Data'!I5:I24) | J5: =SUM('Inventory Data'!L5:L24)
A8: INTERACTIVE FILTER PANEL
A9: Yarn Count | D9: Supplier | G9: Store | J9: Stock Status
A10: All | D10: All | G10: All | J10: All
A30: Corporate note: Excel-native PivotTable/Slicer objects cannot be authored by openpyxl itself; this workbook includes Excel Tables, formula-driven Pivot Analysis, native dropdown filter controls, and Pivot Charts as a compatible corporate dashboard.

Sheet Inventory Data
A1: GREY YARN | INVENTORY MOVEMENT & VALUATION
A2: Illustrative stock ledger. Formulas calculate closing quantity and stock valuation.
A4: Date | B4: Store | C4: Yarn Count | D4: Lot No. | E4: Supplier | F4: Unit | G4: Opening Kg | H4: Receipt Kg | I4: Issue Kg | J4: Closing Kg | K4: Avg Rate/Kg | L4: Stock Value (PKR)
A5: 46023 | B5: Grey Yarn Store | C5: 20s | D5: LOT-105 | E5: Supplier A | F5: Kg | G5: 4133 | H5: 3087 | I5: 2821 | J5: =G5+H5-I5 | K5: 433 | L5: =J5*K5
A6: 46024 | B6: Grey Yarn Store | C6: 30s | D6: LOT-106 | E6: Supplier B | F6: Kg | G6: 3385 | H6: 4527 | I6: 1249 | J6: =G6+H6-I6 | K6: 449 | L6: =J6*K6
A7: 46025 | B7: Grey Yarn Store | C7: 40s | D7: LOT-107 | E7: Supplier C | F7: Kg | G7: 8140 | H7: 1655 | I7: 4044 | J7: =G7+H7-I7 | K7: 518 | L7: =J7*K7
A8: 46026 | B8: Grey Yarn Store | C8: 50s | D8: LOT-108 | E8: Supplier D | F8: Kg | G8: 7885 | H8: 1260 | I8: 2376 | J8: =G8+H8-I8 | K8: 507 | L8: =J8*K8
A9: 46027 | B9: Grey Yarn Store | C9: 60s | D9: LOT-109 | E9: Supplier A | F9: Kg | G9: 7881 | H9: 2917 | I9: 2967 | J9: =G9+H9-I9 | K9: 474 | L9: =J9*K9
A10: 46028 | B10: Grey Yarn Store | C10: 20s | D10: LOT-110 | E10: Supplier B | F10: Kg | G10: 7532 | H10: 4525 | I10: 847 | J10: =G10+H10-I10 | K10: 439 | L10: =J10*K10
A11: 46029 | B11: Grey Yarn Store | C11: 30s | D11: LOT-111 | E11: Supplier C | F11: Kg | G11: 8584 | H11: 4624 | I11: 2999 | J11: =G11+H11-I11 | K11: 478 | L11: =J11*K11
A12: 46030 | B12: Grey Yarn Store | C12: 40s | D12: LOT-112 | E12: Supplier D | F12: Kg | G12: 8250 | H12: 2393 | I12: 1256 | J12: =G12+H12-I12 | K12: 485 | L12: =J12*K12
A13: 46031 | B13: Grey Yarn Store | C13: 50s | D13: LOT-113 | E13: Supplier A | F13: Kg | G13: 6561 | H13: 1647 | I13: 2658 | J13: =G13+H13-I13 | K13: 410 | L13: =J13*K13
A14: 46032 | B14: Grey Yarn Store | C14: 60s | D14: LOT-114 | E14: Supplier B | F14: Kg | G14: 8915 | H14: 4587 | I14: 3747 | J14: =G14+H14-I14 | K14: 477 | L14: =J14*K14
A15: 46033 | B15: Grey Yarn Store | C15: 20s | D15: LOT-115 | E15: Supplier C | F15: Kg | G15: 7100 | H15: 4120 | I15: 1531 | J15: =G15+H15-I15 | K15: 539 | L15: =J15*K15
A16: 46034 | B16: Grey Yarn Store | C16: 30s | D16: LOT-116 | E16: Supplier D | F16: Kg | G16: 3871 | H16: 4565 | I16: 3361 | J16: =G16+H16-I16 | K16: 486 | L16: =J16*K16
... A24: 46042 | B24: Grey Yarn Store | C24: 60s | D24: LOT-124 | E24: Supplier D | F24: Kg | G24: 7363 | H24: 4136 | I24: 1315 | J24: =G24+H24-I24 | K24: 442 | L24: =J24*K24

Sheet Stock Card
A1: GREY YARN | STOCK CARD
A2: Use Data Validation in the Count field and filter by lot/store for operational review.
A4: Yarn Count | B4: Total Opening | C4: Total Receipt | D4: Total Issue | E4: Closing Balance | F4: Avg Rate | G4: Stock Value | H4: Control
A5: 20s | B5: =SUMIFS('Inventory Data'!$G$5:$G$24,'Inventory Data'!$C$5:$C$24,A5) | C5: =SUMIFS('Inventory Data'!$H$5:$H$24,'Inventory Data'!$C$5:$C$24,A5) | D5: =SUMIFS('Inventory Data'!$I$5:$I$24,'Inventory Data'!$C$5:$C$24,A5) | E5: =B5+C5-D5 | F5: =IFERROR(AVERAGEIFS('Inventory Data'!$K$5:$K$24,'Inventory Data'!$C$5:$C$24,A5),0) | G5: =E5*F5 | H5: =IF(E5<=5000,"Reorder","Normal")
A6: 30s | B6: =SUMIFS('Inventory Data'!$G$5:$G$24,'Inventory Data'!$C$5:$C$24,A6) | C6: =SUMIFS('Inventory Data'!$H$5:$H$24,'Inventory Data'!$C$5:$C$24,A6) | D6: =SUMIFS('Inventory Data'!$I$5:$I$24,'Inventory Data'!$C$5:$C$24,A6) | E6: =B6+C6-D6 | F6: =IFERROR(AVERAGEIFS('Inventory Data'!$K$5:$K$24,'Inventory Data'!$C$5:$C$24,A6),0) | G6: =E6*F6 | H6: =IF(E6<=5000,"Reorder","Normal")
A7: 40s | B7: =SUMIFS('Inventory Data'!$G$5:$G$24,'Inventory Data'!$C$5:$C$24,A7) | C7: =SUMIFS('Inventory Data'!$H$5:$H$24,'Inventory Data'!$C$5:$C$24,A7) | D7: =SUMIFS('Inventory Data'!$I$5:$I$24,'Inventory Data'!$C$5:$C$24,A7) | E7: =B7+C7-D7 | F7: =IFERROR(AVERAGEIFS('Inventory Data'!$K$5:$K$24,'Inventory Data'!$C$5:$C$24,A7),0) | G7: =E7*F7 | H7: =IF(E7<=5000,"Reorder","Normal")
A8: 50s | B8: =SUMIFS('Inventory Data'!$G$5:$G$24,'Inventory Data'!$C$5:$C$24,A8) | C8: =SUMIFS('Inventory Data'!$H$5:$H$24,'Inventory Data'!$C$5:$C$24,A8) | D8: =SUMIFS('Inventory Data'!$I$5:$I$24,'Inventory Data'!$C$5:$C$24,A8) | E8: =B8+C8-D8 | F8: =IFERROR(AVERAGEIFS('Inventory Data'!$K$5:$K$24,'Inventory Data'!$C$5:$C$24,A8),0) | G8: =E8*F8 | H8: =IF(E8<=5000,"Reorder","Normal")
A9: 60s | B9: =SUMIFS('Inventory Data'!$G$5:$G$24,'Inventory Data'!$C$5:$C$24,A9) | C9: =SUMIFS('Inventory Data'!$H$5:$H$24,'Inventory Data'!$C$5:$C$24,A9) | D9: =SUMIFS('Inventory Data'!$I$5:$I$24,'Inventory Data'!$C$5:$C$24,A9) | E9: =B9+C9-D9 | F9: =IFERROR(AVERAGEIFS('Inventory Data'!$K$5:$K$24,'Inventory Data'!$C$5:$C$24,A9),0) | G9: =E9*F9 | H9: =IF(E9<=5000,"Reorder","Normal")

Sheet Pivot Analysis
A1: PIVOT ANALYSIS
A2: Management summary tables feeding the dashboard charts.
A3: Yarn Count | B3: Opening Kg | C3: Receipts Kg | D3: Issues Kg | E3: Closing Kg | F3: Stock Value PKR
A4: 20s | B4: =SUMIFS('Inventory Data'!G:G,'Inventory Data'!C:C,A4) | C4: =SUMIFS('Inventory Data'!H:H,'Inventory Data'!C:C,A4) | D4: =SUMIFS('Inventory Data'!I:I,'Inventory Data'!C:C,A4) | E4: =B4+C4-D4 | F4: =SUMIFS('Inventory Data'!L:L,'Inventory Data'!C:C,A4)
A5: 30s | B5: =SUMIFS('Inventory Data'!G:G,'Inventory Data'!C:C,A5) | C5: =SUMIFS('Inventory Data'!H:H,'Inventory Data'!C:C,A5) | D5: =SUMIFS('Inventory Data'!I:I,'Inventory Data'!C:C,A5) | E5: =B5+C5-D5 | F5: =SUMIFS('Inventory Data'!L:L,'Inventory Data'!C:C,A5)
A6: 40s | B6: =SUMIFS('Inventory Data'!G:G,'Inventory Data'!C:C,A6) | C6: =SUMIFS('Inventory Data'!H:H,'Inventory Data'!C:C,A6) | D6: =SUMIFS('Inventory Data'!I:I,'Inventory Data'!C:C,A6) | E6: =B6+C6-D6 | F6: =SUMIFS('Inventory Data'!L:L,'Inventory Data'!C:C,A6)
A7: 50s | B7: =SUMIFS('Inventory Data'!G:G,'Inventory Data'!C:C,A7) | C7: =SUMIFS('Inventory Data'!H:H,'Inventory Data'!C:C,A7) | D7: =SUMIFS('Inventory Data'!I:I,'Inventory Data'!C:C,A7) | E7: =B7+C7-D7 | F7: =SUMIFS('Inventory Data'!L:L,'Inventory Data'!C:C,A7)
A8: 60s | B8: =SUMIFS('Inventory Data'!G:G,'Inventory Data'!C:C,A8) | C8: =SUMIFS('Inventory Data'!H:H,'Inventory Data'!C:C,A8) | D8: =SUMIFS('Inventory Data'!I:I,'Inventory Data'!C:C,A8) | E8: =B8+C8-D8 | F8: =SUMIFS('Inventory Data'!L:L,'Inventory Data'!C:C,A8)
