Workbook

Sheet Dashboard
A1: WEAVING DEPARTMENT | CONTRACT MANAGEMENT DASHBOARD
A2: Corporate reporting pack • Source data + Pivot Analysis + Pivot Charts • Filter controls
A4: Contract Qty M | D4: Delivered M | G4: Pending M | J4: Contract Value PKR
A5: =SUM(Contracts!H5:H24) | D5: =SUM(Contracts!I5:I24) | G5: =SUM(Contracts!J5:J24) | J5: =SUM(Contracts!L5:L24)
A8: INTERACTIVE FILTER PANEL
A9: Customer | D9: Article | G9: Status | J9: Fabric
A10: All | D10: All | G10: All | J10: All
A30: Corporate note: Excel-native PivotTable/Slicer objects cannot be authored by openpyxl itself; this workbook includes Excel Tables, formula-driven Pivot Analysis, native dropdown filter controls, and Pivot Charts as a compatible corporate dashboard.

Sheet Contracts
A1: WEAVING DEPARTMENT | CONTRACT REGISTER
A2: Illustrative contract register with formula-driven pending quantity, value and margin.
A4: Contract ID | B4: Start Date | C4: Due Date | D4: Customer | E4: Article | F4: Fabric Type | G4: UOM | H4: Contract Qty M | I4: Delivered M | J4: Pending M | K4: Rate/M | L4: Contract Value PKR | M4: Est. Cost PKR | N4: Est. Margin PKR
A5: CTR-2026001 | B5: 46023 | C5: 46095 | D5: Customer A | E5: 40s PC | F5: Grey / Woven Fabric | G5: M | H5: 112296 | I5: 92063 | J5: =H5-I5 | K5: 166 | L5: =H5*K5 | M5: =H5*143 | N5: =L5-M5
A6: CTR-2026002 | B6: 46029 | C6: 46092 | D6: Customer B | E6: 60s PC | F6: Grey / Woven Fabric | G6: M | H6: 129507 | I6: 75461 | J6: =H6-I6 | K6: 172 | L6: =H6*K6 | M6: =H6*140 | N6: =L6-M6
A7: CTR-2026003 | B7: 46035 | C7: 46109 | D7: Customer C | E7: 30s CVC | F7: Grey / Woven Fabric | G7: M | H7: 76365 | I7: 66723 | J7: =H7-I7 | K7: 184 | L7: =H7*K7 | M7: =H7*157 | N7: =L7-M7
A8: CTR-2026004 | B8: 46041 | C8: 46113 | D8: Customer D | E8: 20s Cotton | F8: Grey / Woven Fabric | G8: M | H8: 135180 | I8: 68944 | J8: =H8-I8 | K8: 201 | L8: =H8*K8 | M8: =H8*170 | N8: =L8-M8
A9: CTR-2026005 | B9: 46047 | C9: 46105 | D9: Customer E | E9: 50s PC | F9: Grey / Woven Fabric | G9: M | H9: 65860 | I9: 36246 | J9: =H9-I9 | K9: 173 | L9: =H9*K9 | M9: =H9*156 | N9: =L9-M9
A10: CTR-2026006 | B10: 46053 | C10: 46104 | D10: Customer A | E10: 40s PC | F10: Grey / Woven Fabric | G10: M | H10: 52757 | I10: 39277 | J10: =H10-I10 | K10: 215 | L10: =H10*K10 | M10: =H10*193 | N10: =L10-M10
A11: CTR-2026007 | B11: 46059 | C11: 46126 | D11: Customer B | E11: 60s PC | F11: Grey / Woven Fabric | G11: M | H11: 78864 | I11: 20471 | J11: =H11-I11 | K11: 154 | L11: =H11*K11 | M11: =H11*119 | N11: =L11-M11
A12: CTR-2026008 | B12: 46065 | C12: 46098 | D12: Customer C | E12: 30s CVC | F12: Grey / Woven Fabric | G12: M | H12: 80007 | I12: 24417 | J12: =H12-I12 | K12: 149 | L12: =H12*K12 | M12: =H12*124 | N12: =L12-M12
A13: CTR-2026009 | B13: 46071 | C13: 46105 | D13: Customer D | E13: 20s Cotton | F13: Grey / Woven Fabric | G13: M | H13: 117391 | I13: 51195 | J13: =H13-I13 | K13: 180 | L13: =H13*K13 | M13: =H13*150 | N13: =L13-M13
A14: CTR-2026010 | B14: 46077 | C14: 46120 | D14: Customer E | E14: 50s PC | F14: Grey / Woven Fabric | G14: M | H14: 120678 | I14: 37342 | J14: =H14-I14 | K14: 237 | L14: =H14*K14 | M14: =H14*204 | N14: =L14-M14
A15: CTR-2026011 | B15: 46083 | C15: 46149 | D15: Customer A | E15: 40s PC | F15: Grey / Woven Fabric | G15: M | H15: 111953 | I15: 51850 | J15: =H15-I15 | K15: 205 | L15: =H15*K15 | M15: =H15*177 | N15: =L15-M15
A16: CTR-2026012 | B16: 46089 | C16: 46131 | D16: Customer B | E16: 60s PC | F16: Grey / Woven Fabric | G16: M | H16: 62363 | I16: 26352 | J16: =H16-I16 | K16: 229 | L16: =H16*K16 | M16: =H16*201 | N16: =L16-M16
A17: CTR-2026013 | B17: 46095 | C17: 46147 | D17: Customer C | E17: 30s CVC | F17: Grey / Woven Fabric | G17: M | H17: 105519 | I17: 73883 | J17: =H17-I17 | K17: 204 | L17: =H17*K17 | M17: =H17*188 | N17: =L17-M17
A18: CTR-2026014 | B18: 46101 | C18: 46174 | D18: Customer D | E18: 20s Cotton | F18: Grey / Woven Fabric | G18: M | H18: 135649 | I18: 104696 | J18: =H18-I18 | K18: 157 | L18: =H18*K18 | M18: =H18*141 | N18: =L18-M18
A19: CTR-2026015 | B19: 46107 | C19: 46162 | D19: Customer E | E19: 50s PC | F19: Grey / Woven Fabric | G19: M | H19: 94473 | I19: 34322 | J19: =H19-I19 | K19: 176 | L19: =H19*K19 | M19: =H19*155 | N19: =L19-M19
A20: CTR-2026016 | B20: 46113 | C20: 46155 | D20: Customer A | E20: 40s PC | F20: Grey / Woven Fabric | G20: M | H20: 120292 | I20: 78800 | J20: =H20-I20 | K20: 162 | L20: =H20*K20 | M20: =H20*134 | N20: =L20-M20
A21: CTR-2026017 | B21: 46119 | C21: 46160 | D21: Customer B | E21: 60s PC | F21: Grey / Woven Fabric | G21: M | H21: 86509 | I21: 80637 | J21: =H21-I21 | K21: 176 | L21: =H21*K21 | M21: =H21*159 | N21: =L21-M21
A22: CTR-2026018 | B22: 46125 | C22: 46183 | D22: Customer C | E22: 30s CVC | F22: Grey / Woven Fabric | G22: M | H22: 122132 | I22: 32833 | J22: =H22-I22 | K22: 151 | L22: =H22*K22 | M22: =H22*116 | N22: =L22-M22
A23: CTR-2026019 | B23: 46131 | C23: 46195 | D23: Customer D | E23: 20s Cotton | F23: Grey / Woven Fabric | G23: M | H23: 51934 | I23: 51752 | J23: =H23-I23 | K23: 156 | L23: =H23*K23 | M23: =H23*134 | N23: =L23-M23
A24: CTR-2026020 | B24: 46137 | C24: 46177 | D24: Customer E | E24: 50s PC | F24: Grey / Woven Fabric | G24: M | H24: 103269 | I24: 83653 | J24: =H24-I24 | K24: 206 | L24: =H24*K24 | M24: =H24*185 | N24: =L24-M24

Sheet Contract Lookup
A1: CONTRACT LOOKUP | XLOOKUP / INDEX-MATCH DEMO
A2: Enter a Contract ID in B4 to retrieve key fields. Works as a practical Advanced Excel example.
A4: Contract ID | B4: CTR-2026001
A6: Customer | B6: =IFERROR(XLOOKUP($B$4,Contracts!$A$5:$A$24,Contracts!$D$5:$D$24),"Not Found")
A7: Article | B7: =IFERROR(XLOOKUP($B$4,Contracts!$A$5:$A$24,Contracts!$E$5:$E$24),"Not Found")
A8: Contract Qty M | B8: =IFERROR(XLOOKUP($B$4,Contracts!$A$5:$A$24,Contracts!$H$5:$H$24),0)
A9: Delivered M | B9: =IFERROR(XLOOKUP($B$4,Contracts!$A$5:$A$24,Contracts!$I$5:$I$24),0)
A10: Pending M | B10: =IFERROR(XLOOKUP($B$4,Contracts!$A$5:$A$24,Contracts!$J$5:$J$24),0)
A11: Contract Value PKR | B11: =IFERROR(XLOOKUP($B$4,Contracts!$A$5:$A$24,Contracts!$L$5:$L$24),0)
A12: Margin PKR | B12: =IFERROR(XLOOKUP($B$4,Contracts!$A$5:$A$24,Contracts!$N$5:$N$24),0)
A15: Compatibility note | B15: XLOOKUP is used for modern Excel; INDEX+MATCH can be substituted for older versions.

Sheet Pivot Analysis
A1: PIVOT ANALYSIS
A2: Management summary tables feeding the dashboard charts.
A3: Customer | B3: Contracts | C3: Contract Qty M | D3: Delivered M | E3: Pending M | F3: Value PKR | G3: Margin PKR | H3: Completion %
A4: Customer A | B4: =COUNTIFS(Contracts!D:D,A4) | C4: =SUMIFS(Contracts!H:H,Contracts!D:D,A4) | D4: =SUMIFS(Contracts!I:I,Contracts!D:D,A4) | E4: =C4-D4 | F4: =SUMIFS(Contracts!L:L,Contracts!D:D,A4) | G4: =SUMIFS(Contracts!N:N,Contracts!D:D,A4) | H4: =IFERROR(D4/C4,0)
A5: Customer B | B5: =COUNTIFS(Contracts!D:D,A5) | C5: =SUMIFS(Contracts!H:H,Contracts!D:D,A5) | D5: =SUMIFS(Contracts!I:I,Contracts!D:D,A5) | E5: =C5-D5 | F5: =SUMIFS(Contracts!L:L,Contracts!D:D,A5) | G5: =SUMIFS(Contracts!N:N,Contracts!D:D,A5) | H5: =IFERROR(D5/C5,0)
A6: Customer C | B6: =COUNTIFS(Contracts!D:D,A6) | C6: =SUMIFS(Contracts!H:H,Contracts!D:D,A6) | D6: =SUMIFS(Contracts!I:I,Contracts!D:D,A6) | E6: =C6-D6 | F6: =SUMIFS(Contracts!L:L,Contracts!D:D,A6) | G6: =SUMIFS(Contracts!N:N,Contracts!D:D,A6) | H6: =IFERROR(D6/C6,0)
A7: Customer D | B7: =COUNTIFS(Contracts!D:D,A7) | C7: =SUMIFS(Contracts!H:H,Contracts!D:D,A7) | D7: =SUMIFS(Contracts!I:I,Contracts!D:D,A7) | E7: =C7-D7 | F7: =SUMIFS(Contracts!L:L,Contracts!D:D,A7) | G7: =SUMIFS(Contracts!N:N,Contracts!D:D,A7) | H7: =IFERROR(D7/C7,0)
A8: Customer E | B8: =COUNTIFS(Contracts!D:D,A8) | C8: =SUMIFS(Contracts!H:H,Contracts!D:D,A8) | D8: =SUMIFS(Contracts!I:I,Contracts!D:D,A8) | E8: =C8-D8 | F8: =SUMIFS(Contracts!L:L,Contracts!D:D,A8) | G8: =SUMIFS(Contracts!N:N,Contracts!D:D,A8) | H8: =IFERROR(D8/C8,0)
