Workbook

Sheet Dashboard
A1: WEAVING DEPARTMENT | LOSS MANAGEMENT DASHBOARD
A2: Corporate reporting pack • Source data + Pivot Analysis + Pivot Charts • Filter controls
A4: Production M | D4: Waste M | G4: Loss % | J4: Efficiency %
A5: =SUM('Loss Data'!F5:F24) | D5: =SUM('Loss Data'!H5:H24) | G5: =AVERAGE('Loss Data'!J5:J24) | J5: =AVERAGE('Loss Data'!K5:K24)
A8: INTERACTIVE FILTER PANEL
A9: Period | D9: Shift | G9: Article | J9: Loom Group
A10: All | D10: All | G10: All | J10: All
A30: Corporate note: Excel-native PivotTable/Slicer objects cannot be authored by openpyxl itself; this workbook includes Excel Tables, formula-driven Pivot Analysis, native dropdown filter controls, and Pivot Charts as a compatible corporate dashboard.

Sheet Department Profile
A1: WEAVING DEPARTMENT | PROFESSIONAL PROFILE
A2: Finance-oriented departmental profile aligned with the user's MBA in Finance and Advanced Excel skill set.
A4: Prepared For | B4: Waqar Alvi
A5: Professional Qualification | B5: MBA in Finance
A6: Functional Area | B6: Finance / Weaving Department Reporting
A7: Core Reporting Scope | B7: Production, loss, efficiency, cost monitoring and management reporting
A8: Advanced Excel | B8: XLOOKUP / VLOOKUP, INDEX+MATCH, SUMIFS, COUNTIFS, Pivot-style summaries, dashboards, validation, conditional formatting
A9: Primary Controls | B9: Input vs production reconciliation, loss %, efficiency %, cost per meter, variance analysis
A10: Report Frequency | B10: Daily / Weekly / Monthly

Sheet Loss Data
A1: WEAVING DEPARTMENT | LOSS ANALYSIS
A2: Sample transaction-level data for demonstrating formulas, controls and dashboard reporting.
A4: Date | B4: Shift | C4: Loom No. | D4: Article | E4: Count | F4: Input M | G4: Output M | H4: Waste M | I4: Standard Loss % | J4: Actual Loss % | K4: Efficiency % | L4: Loss Cost (PKR)
A5: 46023 | B5: A | C5: 106 | D5: 40s PC | E5: 114 | F5: 32572 | G5: =F5*(1-I5) | H5: =F5-G5 | I5: 0.02 | J5: =H5/F5 | K5: =G5/F5 | L5: =H5*0.42
A6: 46024 | B6: B | C6: 107 | D6: 60s PC | E6: 106 | F6: 45870 | G6: =F6*(1-I6) | H6: =F6-G6 | I6: 0.022 | J6: =H6/F6 | K6: =G6/F6 | L6: =H6*0.42
A7: 46025 | B7: C | C7: 108 | D7: 30s CVC | E7: 105 | F7: 41825 | G7: =F7*(1-I7) | H7: =F7-G7 | I7: 0.024 | J7: =H7/F7 | K7: =G7/F7 | L7: =H7*0.42
A8: 46026 | B8: A | C8: 109 | D8: 20s Cotton | E8: 102 | F8: 28976 | G8: =F8*(1-I8) | H8: =F8-G8 | I8: 0.018 | J8: =H8/F8 | K8: =G8/F8 | L8: =H8*0.42
A9: 46027 | B9: B | C9: 110 | D9: 40s PC | E9: 105 | F9: 35164 | G9: =F9*(1-I9) | H9: =F9-G9 | I9: 0.02 | J9: =H9/F9 | K9: =G9/F9 | L9: =H9*0.42
A10: 46028 | B10: C | C10: 111 | D10: 60s PC | E10: 114 | F10: 44559 | G10: =F10*(1-I10) | H10: =F10-G10 | I10: 0.022 | J10: =H10/F10 | K10: =G10/F10 | L10: =H10*0.42
A11: 46029 | B11: A | C11: 112 | D11: 30s CVC | E11: 138 | F11: 28869 | G11: =F11*(1-I11) | H11: =F11-G11 | I11: 0.024 | J11: =H11/F11 | K11: =G11/F11 | L11: =H11*0.42
A12: 46030 | B12: B | C12: 101 | D12: 20s Cotton | E12: 135 | F12: 34515 | G12: =F12*(1-I12) | H12: =F12-G12 | I12: 0.018 | J12: =H12/F12 | K12: =G12/F12 | L12: =H12*0.42
A13: 46031 | B13: C | C13: 102 | D13: 40s PC | E13: 134 | F13: 41746 | G13: =F13*(1-I13) | H13: =F13-G13 | I13: 0.02 | J13: =H13/F13 | K13: =G13/F13 | L13: =H13*0.42
A14: 46032 | B14: A | C14: 103 | D14: 60s PC | E14: 114 | F14: 42719 | G14: =F14*(1-I14) | H14: =F14-G14 | I14: 0.022 | J14: =H14/F14 | K14: =G14/F14 | L14: =H14*0.42
A15: 46033 | B15: B | C15: 104 | D15: 30s CVC | E15: 137 | F15: 37115 | G15: =F15*(1-I15) | H15: =F15-G15 | I15: 0.024 | J15: =H15/F15 | K15: =G15/F15 | L15: =H15*0.42
A16: 46034 | B16: C | C16: 105 | D16: 20s Cotton | E16: 100 | F16: 33231 | G16: =F16*(1-I16) | H16: =F16-G16 | I16: 0.018 | J16: =H16/F16 | K16: =G16/F16 | L16: =H16*0.42
... A24: 46042 | B24: B | C24: 101 | D24: 20s Cotton | E24: 102 | F24: 43054 | G24: =F24*(1-I24) | H24: =F24-G24 | I24: 0.018 | J24: =H24/F24 | K24: =G24/F24 | L24: =H24*0.42

Sheet Pivot Analysis
A1: PIVOT ANALYSIS
A2: Management summary tables feeding the dashboard charts.
A3: Article | B3: Input M | C3: Output M | D3: Waste M | E3: Loss % | F3: Efficiency % | G3: Loss Cost PKR
A4: 40s PC | B4: =SUMIFS('Loss Data'!F:F,'Loss Data'!D:D,A4) | C4: =SUMIFS('Loss Data'!G:G,'Loss Data'!D:D,A4) | D4: =SUMIFS('Loss Data'!H:H,'Loss Data'!D:D,A4) | E4: =IFERROR(D4/B4,0) | F4: =IFERROR(C4/B4,0) | G4: =SUMIFS('Loss Data'!L:L,'Loss Data'!D:D,A4)
A5: 60s PC | B5: =SUMIFS('Loss Data'!F:F,'Loss Data'!D:D,A5) | C5: =SUMIFS('Loss Data'!G:G,'Loss Data'!D:D,A5) | D5: =SUMIFS('Loss Data'!H:H,'Loss Data'!D:D,A5) | E5: =IFERROR(D5/B5,0) | F5: =IFERROR(C5/B5,0) | G5: =SUMIFS('Loss Data'!L:L,'Loss Data'!D:D,A5)
A6: 30s CVC | B6: =SUMIFS('Loss Data'!F:F,'Loss Data'!D:D,A6) | C6: =SUMIFS('Loss Data'!G:G,'Loss Data'!D:D,A6) | D6: =SUMIFS('Loss Data'!H:H,'Loss Data'!D:D,A6) | E6: =IFERROR(D6/B6,0) | F6: =IFERROR(C6/B6,0) | G6: =SUMIFS('Loss Data'!L:L,'Loss Data'!D:D,A6)
A7: 20s Cotton | B7: =SUMIFS('Loss Data'!F:F,'Loss Data'!D:D,A7) | C7: =SUMIFS('Loss Data'!G:G,'Loss Data'!D:D,A7) | D7: =SUMIFS('Loss Data'!H:H,'Loss Data'!D:D,A7) | E7: =IFERROR(D7/B7,0) | F7: =IFERROR(C7/B7,0) | G7: =SUMIFS('Loss Data'!L:L,'Loss Data'!D:D,A7)
